-- --------------------------------------------------------
-- Servidor:                     127.0.0.1
-- Versão do servidor:           8.0.15 - MySQL Community Server - GPL
-- OS do Servidor:               Win64
-- HeidiSQL Versão:              10.1.0.5464
-- --------------------------------------------------------

/*!40101 SET @OLD_CHARACTER_SET_CLIENT=@@CHARACTER_SET_CLIENT */;
/*!40101 SET NAMES utf8 */;
/*!50503 SET NAMES utf8mb4 */;
/*!40014 SET @OLD_FOREIGN_KEY_CHECKS=@@FOREIGN_KEY_CHECKS, FOREIGN_KEY_CHECKS=0 */;
/*!40101 SET @OLD_SQL_MODE=@@SQL_MODE, SQL_MODE='NO_AUTO_VALUE_ON_ZERO' */;


-- Copiando estrutura do banco de dados para gincana
DROP DATABASE IF EXISTS `gincana`;
CREATE DATABASE IF NOT EXISTS `gincana` /*!40100 DEFAULT CHARACTER SET utf8 */;
USE `gincana`;

-- Copiando estrutura para tabela gincana.ci_sessions
DROP TABLE IF EXISTS `ci_sessions`;
CREATE TABLE IF NOT EXISTS `ci_sessions` (
  `id` varchar(128) NOT NULL,
  `ip_address` varchar(45) NOT NULL,
  `timestamp` int(10) unsigned NOT NULL DEFAULT '0',
  `data` blob NOT NULL,
  KEY `ci_sessions_timestamp` (`timestamp`)
) ENGINE=InnoDB DEFAULT CHARSET=utf8;

-- Copiando dados para a tabela gincana.ci_sessions: ~100 rows (aproximadamente)
/*!40000 ALTER TABLE `ci_sessions` DISABLE KEYS */;
INSERT INTO `ci_sessions` (`id`, `ip_address`, `timestamp`, `data`) VALUES
	('8snacrhgs3fplruqsgoqakig89aj4v93', '127.0.0.1', 1557859810, _binary 0x5F5F63695F6C6173745F726567656E65726174657C693A313535373835393831303B69645573756172696F7C733A313A2232223B656D61696C7C733A31353A226C6F63616F40656D61696C2E636F6D223B6C6F6761646F7C623A313B),
	('acdbi0vob62335ruc8hb46g12jqhbmbs', '127.0.0.1', 1557860780, _binary 0x5F5F63695F6C6173745F726567656E65726174657C693A313535373836303738303B69645573756172696F7C733A313A2231223B656D61696C7C733A31383A227061756C6F64697240656D61696C2E636F6D223B6C6F6761646F7C623A313B),
	('v7gul6rg9gourum5d1934c82h3j1m6h8', '127.0.0.1', 1557861577, _binary 0x5F5F63695F6C6173745F726567656E65726174657C693A313535373836313537373B69645573756172696F7C733A313A2231223B656D61696C7C733A31383A227061756C6F64697240656D61696C2E636F6D223B6C6F6761646F7C623A313B),
	('1tgh8577klsfudlu9n3c5373r9q7r3h1', '127.0.0.1', 1557861883, _binary 0x5F5F63695F6C6173745F726567656E65726174657C693A313535373836313838333B69645573756172696F7C733A313A2231223B656D61696C7C733A31383A227061756C6F64697240656D61696C2E636F6D223B6C6F6761646F7C623A313B),
	('dm3d7rtj72rdo1fus401gnv74uq6t9ur', '127.0.0.1', 1557861889, _binary 0x5F5F63695F6C6173745F726567656E65726174657C693A313535373836313838333B69645573756172696F7C733A313A2231223B656D61696C7C733A31383A227061756C6F64697240656D61696C2E636F6D223B6C6F6761646F7C623A313B),
	('s0lckr45i8hc4kl1jou98od21jc73rge', '127.0.0.1', 1557874071, _binary 0x5F5F63695F6C6173745F726567656E65726174657C693A313535373837343037313B69645573756172696F7C733A313A2231223B656D61696C7C733A31383A227061756C6F64697240656D61696C2E636F6D223B6C6F6761646F7C623A313B),
	('2q5iebt01647osio9ohlds4p4d5r4fai', '127.0.0.1', 1557874956, _binary 0x5F5F63695F6C6173745F726567656E65726174657C693A313535373837343935353B69645573756172696F7C733A313A2231223B656D61696C7C733A31383A227061756C6F64697240656D61696C2E636F6D223B6C6F6761646F7C623A313B),
	('iltcenea5qqcta1l8rahibe8lsj51m8i', '127.0.0.1', 1557875404, _binary 0x5F5F63695F6C6173745F726567656E65726174657C693A313535373837353430343B),
	('t9ph0q8bjuaqs77tilrhgn77atrloupp', '127.0.0.1', 1557876260, _binary 0x5F5F63695F6C6173745F726567656E65726174657C693A313535373837363236303B69645573756172696F7C733A313A2231223B656D61696C7C733A31383A227061756C6F64697240656D61696C2E636F6D223B6C6F6761646F7C623A313B7265746F726E6F7C733A37343A223C64697620636C6173733D22616C65727420616C6572742D73756363657373223E205573756172696F207061756C6F64697240656D61696C2E636F6D206C6F6761646F2E3C2F6469763E223B5F5F63695F766172737C613A313A7B733A373A227265746F726E6F223B733A333A226F6C64223B7D),
	('tre6qg4bdqbllbs1n9i3b30p64c1gg81', '127.0.0.1', 1557876655, _binary 0x5F5F63695F6C6173745F726567656E65726174657C693A313535373837363635353B69645573756172696F7C733A313A2231223B656D61696C7C733A31383A227061756C6F64697240656D61696C2E636F6D223B6C6F6761646F7C623A313B7265746F726E6F7C733A36383A223C64697620636C6173733D22616C65727420616C6572742D73756363657373223E457175697065206361646173747261646120636F6D207375636573736F3C2F6469763E223B5F5F63695F766172737C613A313A7B733A373A227265746F726E6F223B733A333A226F6C64223B7D),
	('3clj3gb2mpo6esv88htehhlufnsfrfql', '127.0.0.1', 1557877500, _binary 0x5F5F63695F6C6173745F726567656E65726174657C693A313535373837373530303B69645573756172696F7C733A313A2231223B656D61696C7C733A31383A227061756C6F64697240656D61696C2E636F6D223B6C6F6761646F7C623A313B),
	('ck43ol7oqqnge14c4sqt73dgirhg2ekg', '127.0.0.1', 1557877997, _binary 0x5F5F63695F6C6173745F726567656E65726174657C693A313535373837373939373B69645573756172696F7C733A313A2231223B656D61696C7C733A31383A227061756C6F64697240656D61696C2E636F6D223B6C6F6761646F7C623A313B),
	('t0hk9k8ck8l0mtjq72u95otlpphhsnor', '127.0.0.1', 1557878330, _binary 0x5F5F63695F6C6173745F726567656E65726174657C693A313535373837383333303B69645573756172696F7C733A313A2231223B656D61696C7C733A31383A227061756C6F64697240656D61696C2E636F6D223B6C6F6761646F7C623A313B),
	('mchigoqb4ebmiq09q15vcig7hmicdktg', '127.0.0.1', 1557878649, _binary 0x5F5F63695F6C6173745F726567656E65726174657C693A313535373837383634393B69645573756172696F7C733A313A2231223B656D61696C7C733A31383A227061756C6F64697240656D61696C2E636F6D223B6C6F6761646F7C623A313B),
	('h5qgve6t5kiehul18sb87b9r5grnt3bq', '127.0.0.1', 1557879058, _binary 0x5F5F63695F6C6173745F726567656E65726174657C693A313535373837393035383B69645573756172696F7C733A313A2231223B656D61696C7C733A31383A227061756C6F64697240656D61696C2E636F6D223B6C6F6761646F7C623A313B),
	('6fr64591meavo59uerf3rhnboalk85q7', '127.0.0.1', 1557878899, _binary 0x5F5F63695F6C6173745F726567656E65726174657C693A313535373837383737343B69645573756172696F7C733A313A2231223B656D61696C7C733A31383A227061756C6F64697240656D61696C2E636F6D223B6C6F6761646F7C623A313B),
	('gbprvi8b6rf0ptd9stb859piac0b12hk', '127.0.0.1', 1557879359, _binary 0x5F5F63695F6C6173745F726567656E65726174657C693A313535373837393335393B69645573756172696F7C733A313A2231223B656D61696C7C733A31383A227061756C6F64697240656D61696C2E636F6D223B6C6F6761646F7C623A313B),
	('mm0vdmcpvbed2pfpofnpsagsuockodnv', '127.0.0.1', 1557879794, _binary 0x5F5F63695F6C6173745F726567656E65726174657C693A313535373837393739343B69645573756172696F7C733A313A2231223B656D61696C7C733A31383A227061756C6F64697240656D61696C2E636F6D223B6C6F6761646F7C623A313B),
	('fv5619cqco0h7ogq5snvu830s99drtp7', '127.0.0.1', 1557880174, _binary 0x5F5F63695F6C6173745F726567656E65726174657C693A313535373838303137343B69645573756172696F7C733A313A2231223B656D61696C7C733A31383A227061756C6F64697240656D61696C2E636F6D223B6C6F6761646F7C623A313B),
	('pja45t5a87p093r6k5f9njoh9tq873d9', '127.0.0.1', 1557880528, _binary 0x5F5F63695F6C6173745F726567656E65726174657C693A313535373838303532383B69645573756172696F7C733A313A2231223B656D61696C7C733A31383A227061756C6F64697240656D61696C2E636F6D223B6C6F6761646F7C623A313B),
	('ooa8q12915jlo9cbeins7fi2qsl3grqo', '127.0.0.1', 1557880846, _binary 0x5F5F63695F6C6173745F726567656E65726174657C693A313535373838303834363B69645573756172696F7C733A313A2231223B656D61696C7C733A31383A227061756C6F64697240656D61696C2E636F6D223B6C6F6761646F7C623A313B),
	('u1m5bsv2kkg1lbrplkbc6mtpsdokmf9h', '127.0.0.1', 1557880880, _binary 0x5F5F63695F6C6173745F726567656E65726174657C693A313535373838303834363B69645573756172696F7C733A313A2231223B656D61696C7C733A31383A227061756C6F64697240656D61696C2E636F6D223B6C6F6761646F7C623A313B),
	('dfj95khscan5at826kpdiuuuecnkv5t9', '127.0.0.1', 1557959923, _binary 0x5F5F63695F6C6173745F726567656E65726174657C693A313535373935393932333B69645573756172696F7C733A313A2231223B656D61696C7C733A31383A227061756C6F64697240656D61696C2E636F6D223B6C6F6761646F7C623A313B),
	('9r1ejc1mlcfmodle4hqqmu1oan9alu4s', '127.0.0.1', 1557960633, _binary 0x5F5F63695F6C6173745F726567656E65726174657C693A313535373936303633333B69645573756172696F7C733A313A2231223B656D61696C7C733A31383A227061756C6F64697240656D61696C2E636F6D223B6C6F6761646F7C623A313B),
	('0oaolljl7en9jc8udt0r35ctqjgpcb0f', '127.0.0.1', 1557961025, _binary 0x5F5F63695F6C6173745F726567656E65726174657C693A313535373936313032353B69645573756172696F7C733A313A2231223B656D61696C7C733A31383A227061756C6F64697240656D61696C2E636F6D223B6C6F6761646F7C623A313B),
	('c8b9un47m12gpluiphu21j2ehbj9884q', '127.0.0.1', 1557961351, _binary 0x5F5F63695F6C6173745F726567656E65726174657C693A313535373936313335313B69645573756172696F7C733A313A2231223B656D61696C7C733A31383A227061756C6F64697240656D61696C2E636F6D223B6C6F6761646F7C623A313B),
	('2okf7qusi7hiaab1hpdnfu1qrlu6ebvd', '127.0.0.1', 1557961667, _binary 0x5F5F63695F6C6173745F726567656E65726174657C693A313535373936313636373B69645573756172696F7C733A313A2231223B656D61696C7C733A31383A227061756C6F64697240656D61696C2E636F6D223B6C6F6761646F7C623A313B7265746F726E6F7C733A3131353A223C64697620636C6173733D22616C65727420616C6572742D7761726E696E67223E4174656EC3A7C3A36F20757375C3A172696F206EC3A36F20C3A920706F73736976656C2064656C65746172206571756970657320636F6D206D656D62726F73206361646173747261646F73203C2F6469763E223B5F5F63695F766172737C613A313A7B733A373A227265746F726E6F223B733A333A226F6C64223B7D),
	('8lijkl6vnil05a96d9peo7vo5ce8s223', '127.0.0.1', 1557962446, _binary 0x5F5F63695F6C6173745F726567656E65726174657C693A313535373936323434363B69645573756172696F7C733A313A2231223B656D61696C7C733A31383A227061756C6F64697240656D61696C2E636F6D223B6C6F6761646F7C623A313B),
	('tq1671ooj628vvej1hmqt9f3prp7ug9l', '127.0.0.1', 1557965603, _binary 0x5F5F63695F6C6173745F726567656E65726174657C693A313535373936353630333B69645573756172696F7C733A313A2231223B656D61696C7C733A31383A227061756C6F64697240656D61696C2E636F6D223B6C6F6761646F7C623A313B7265746F726E6F7C733A3131353A223C64697620636C6173733D22616C65727420616C6572742D7761726E696E67223E4174656EC3A7C3A36F20757375C3A172696F206EC3A36F20C3A920706F73736976656C2064656C65746172206571756970657320636F6D206D656D62726F73206361646173747261646F73203C2F6469763E223B5F5F63695F766172737C613A313A7B733A373A227265746F726E6F223B733A333A226E6577223B7D),
	('1nmf49ra7hkpqv4fi1iuqp0fnudkcmhe', '127.0.0.1', 1557966509, _binary 0x5F5F63695F6C6173745F726567656E65726174657C693A313535373936363530393B69645573756172696F7C733A313A2231223B656D61696C7C733A31383A227061756C6F64697240656D61696C2E636F6D223B6C6F6761646F7C623A313B),
	('6oanbpgec8gntdvh1oa40f36m6gfkh1u', '127.0.0.1', 1557967155, _binary 0x5F5F63695F6C6173745F726567656E65726174657C693A313535373936373135353B69645573756172696F7C733A313A2231223B656D61696C7C733A31383A227061756C6F64697240656D61696C2E636F6D223B6C6F6761646F7C623A313B),
	('aagmki1irplcpra63aco7a5kdbcecevo', '127.0.0.1', 1557967627, _binary 0x5F5F63695F6C6173745F726567656E65726174657C693A313535373936373632373B69645573756172696F7C733A313A2231223B656D61696C7C733A31383A227061756C6F64697240656D61696C2E636F6D223B6C6F6761646F7C623A313B),
	('dunc63tcijobkb434dd6cvt6287tqr2k', '127.0.0.1', 1557968122, _binary 0x5F5F63695F6C6173745F726567656E65726174657C693A313535373936383132323B),
	('6t3aupophi0ie68o2ai2r62js5cka9d6', '127.0.0.1', 1557968558, _binary 0x5F5F63695F6C6173745F726567656E65726174657C693A313535373936383535383B69645573756172696F7C733A313A2231223B656D61696C7C733A31383A227061756C6F64697240656D61696C2E636F6D223B6C6F6761646F7C623A313B),
	('5cfl1og6ldoi7gpusv2rd082o62p5a1g', '127.0.0.1', 1557968949, _binary 0x5F5F63695F6C6173745F726567656E65726174657C693A313535373936383934393B69645573756172696F7C733A313A2231223B656D61696C7C733A31383A227061756C6F64697240656D61696C2E636F6D223B6C6F6761646F7C623A313B),
	('6padufncodah6of0fs9h19lo5jrqhtqr', '127.0.0.1', 1557969247, _binary 0x5F5F63695F6C6173745F726567656E65726174657C693A313535373936383934393B69645573756172696F7C733A313A2231223B656D61696C7C733A31383A227061756C6F64697240656D61696C2E636F6D223B6C6F6761646F7C623A313B),
	('0f5j9nqqq2nj2ghbv724lm57uo2u9tih', '127.0.0.1', 1558045488, _binary 0x5F5F63695F6C6173745F726567656E65726174657C693A313535383034353438383B69645573756172696F7C733A313A2231223B656D61696C7C733A31383A227061756C6F64697240656D61696C2E636F6D223B6C6F6761646F7C623A313B),
	('c6c8rsf5lm030mmkdmhkqd7aah010a10', '127.0.0.1', 1558046112, _binary 0x5F5F63695F6C6173745F726567656E65726174657C693A313535383034363131323B69645573756172696F7C733A313A2231223B656D61696C7C733A31383A227061756C6F64697240656D61696C2E636F6D223B6C6F6761646F7C623A313B),
	('7tr11njrefp0elpiteeh8fkgfr2giijm', '127.0.0.1', 1558046565, _binary 0x5F5F63695F6C6173745F726567656E65726174657C693A313535383034363536353B69645573756172696F7C733A313A2231223B656D61696C7C733A31383A227061756C6F64697240656D61696C2E636F6D223B6C6F6761646F7C623A313B),
	('kkqigrmdkt49li39cijc5vftf9nt7i3f', '127.0.0.1', 1558046866, _binary 0x5F5F63695F6C6173745F726567656E65726174657C693A313535383034363836363B69645573756172696F7C733A313A2231223B656D61696C7C733A31383A227061756C6F64697240656D61696C2E636F6D223B6C6F6761646F7C623A313B),
	('9uo5jhfjllckjtq8a8endp2kv8745e7u', '127.0.0.1', 1558047659, _binary 0x5F5F63695F6C6173745F726567656E65726174657C693A313535383034373635393B69645573756172696F7C733A313A2231223B656D61696C7C733A31383A227061756C6F64697240656D61696C2E636F6D223B6C6F6761646F7C623A313B),
	('vt0t2653kanup57jfm8a3lp1hultdh84', '127.0.0.1', 1558048339, _binary 0x5F5F63695F6C6173745F726567656E65726174657C693A313535383034383333393B69645573756172696F7C733A313A2231223B656D61696C7C733A31383A227061756C6F64697240656D61696C2E636F6D223B6C6F6761646F7C623A313B),
	('afjnbm4p5v756jdfjifmedh4v4nlf439', '127.0.0.1', 1558048684, _binary 0x5F5F63695F6C6173745F726567656E65726174657C693A313535383034383638343B69645573756172696F7C733A313A2231223B656D61696C7C733A31383A227061756C6F64697240656D61696C2E636F6D223B6C6F6761646F7C623A313B),
	('iap5i3ffum01vt6ruok6r00bg1da3jhc', '127.0.0.1', 1558048996, _binary 0x5F5F63695F6C6173745F726567656E65726174657C693A313535383034383939363B69645573756172696F7C733A313A2231223B656D61696C7C733A31383A227061756C6F64697240656D61696C2E636F6D223B6C6F6761646F7C623A313B),
	('gsnru8o5j7ugnr55gfb39t89ku7ubv60', '127.0.0.1', 1558049406, _binary 0x5F5F63695F6C6173745F726567656E65726174657C693A313535383034393430363B69645573756172696F7C733A313A2231223B656D61696C7C733A31383A227061756C6F64697240656D61696C2E636F6D223B6C6F6761646F7C623A313B),
	('5oa8t8c13e00u29s6ab6kqsglrdb8ljo', '127.0.0.1', 1558049472, _binary 0x5F5F63695F6C6173745F726567656E65726174657C693A313535383034393437323B69645573756172696F7C733A313A2231223B656D61696C7C733A31383A227061756C6F64697240656D61696C2E636F6D223B6C6F6761646F7C623A313B7265746F726E6F7C733A37343A223C64697620636C6173733D22616C65727420616C6572742D73756363657373223E205573756172696F207061756C6F64697240656D61696C2E636F6D206C6F6761646F2E3C2F6469763E223B5F5F63695F766172737C613A313A7B733A373A227265746F726E6F223B733A333A226F6C64223B7D),
	('move7i1br5d18bnbntolkpcfmn8saqjs', '127.0.0.1', 1558050831, _binary 0x5F5F63695F6C6173745F726567656E65726174657C693A313535383035303833313B69645573756172696F7C733A313A2231223B656D61696C7C733A31383A227061756C6F64697240656D61696C2E636F6D223B6C6F6761646F7C623A313B),
	('gtqq0ludajcqgtg7akqp16po06vn9hfl', '127.0.0.1', 1558049942, _binary 0x5F5F63695F6C6173745F726567656E65726174657C693A313535383034393934323B69645573756172696F7C733A313A2231223B656D61696C7C733A31383A227061756C6F64697240656D61696C2E636F6D223B6C6F6761646F7C623A313B),
	('rm0lct820ucru1h3l3nmavarvdacq82v', '127.0.0.1', 1558052437, _binary 0x5F5F63695F6C6173745F726567656E65726174657C693A313535383035323433373B69645573756172696F7C733A313A2231223B656D61696C7C733A31383A227061756C6F64697240656D61696C2E636F6D223B6C6F6761646F7C623A313B),
	('r6ntqm3jii2097h5bpk0u2vp27esfj88', '127.0.0.1', 1558051374, _binary 0x5F5F63695F6C6173745F726567656E65726174657C693A313535383035313337343B69645573756172696F7C733A313A2231223B656D61696C7C733A31383A227061756C6F64697240656D61696C2E636F6D223B6C6F6761646F7C623A313B),
	('do6lmf421muk54ue9hnn74nrttpcu13u', '127.0.0.1', 1558052705, _binary 0x5F5F63695F6C6173745F726567656E65726174657C693A313535383035323730353B69645573756172696F7C733A313A2231223B656D61696C7C733A31383A227061756C6F64697240656D61696C2E636F6D223B6C6F6761646F7C623A313B),
	('5qgt9du9hm3385br8b8h0r55pbirdi79', '127.0.0.1', 1558053018, _binary 0x5F5F63695F6C6173745F726567656E65726174657C693A313535383035333031383B69645573756172696F7C733A313A2231223B656D61696C7C733A31383A227061756C6F64697240656D61696C2E636F6D223B6C6F6761646F7C623A313B),
	('bsk0258frf6jvnfg6b22i22icsb0q607', '127.0.0.1', 1558052870, _binary 0x5F5F63695F6C6173745F726567656E65726174657C693A313535383035323730353B69645573756172696F7C733A313A2231223B656D61696C7C733A31383A227061756C6F64697240656D61696C2E636F6D223B6C6F6761646F7C623A313B7265746F726E6F7C733A39353A223C64697620636C6173733D22616C65727420616C6572742D64616E676572223E3C703E566F63C3AA206EC3A36F2073656C6563696F6E6F75206F206172717569766F20706172612066617A65722075706C6F61642E3C2F703E3C2F6469763E223B5F5F63695F766172737C613A313A7B733A373A227265746F726E6F223B733A333A226F6C64223B7D),
	('7em7e13smtsbhpqg3a51cg570h8hema9', '127.0.0.1', 1558053384, _binary 0x5F5F63695F6C6173745F726567656E65726174657C693A313535383035333338343B69645573756172696F7C733A313A2231223B656D61696C7C733A31383A227061756C6F64697240656D61696C2E636F6D223B6C6F6761646F7C623A313B7265746F726E6F7C733A36383A223C64697620636C6173733D22616C65727420616C6572742D73756363657373223E457175697065206361646173747261646120636F6D207375636573736F3C2F6469763E223B5F5F63695F766172737C613A313A7B733A373A227265746F726E6F223B733A333A226F6C64223B7D),
	('djrs1slj1tviltuofutol26dvvv3pckt', '127.0.0.1', 1558054003, _binary 0x5F5F63695F6C6173745F726567656E65726174657C693A313535383035343030333B69645573756172696F7C733A313A2231223B656D61696C7C733A31383A227061756C6F64697240656D61696C2E636F6D223B6C6F6761646F7C623A313B),
	('f76ebl35sphl118eq6u49270b14ef879', '127.0.0.1', 1558054544, _binary 0x5F5F63695F6C6173745F726567656E65726174657C693A313535383035343534343B69645573756172696F7C733A313A2231223B656D61696C7C733A31383A227061756C6F64697240656D61696C2E636F6D223B6C6F6761646F7C623A313B),
	('feum4hjbms35fjscc2idcga9f8o0m64h', '127.0.0.1', 1558054995, _binary 0x5F5F63695F6C6173745F726567656E65726174657C693A313535383035343939353B69645573756172696F7C733A313A2231223B656D61696C7C733A31383A227061756C6F64697240656D61696C2E636F6D223B6C6F6761646F7C623A313B),
	('2lm9oq19k82gh3t1g0a0la04na59ls0b', '127.0.0.1', 1558055443, _binary 0x5F5F63695F6C6173745F726567656E65726174657C693A313535383035353434333B69645573756172696F7C733A313A2231223B656D61696C7C733A31383A227061756C6F64697240656D61696C2E636F6D223B6C6F6761646F7C623A313B),
	('p5icdl1f9krc3f5sb0uhv275th0jk2o3', '127.0.0.1', 1558055745, _binary 0x5F5F63695F6C6173745F726567656E65726174657C693A313535383035353734353B69645573756172696F7C733A313A2231223B656D61696C7C733A31383A227061756C6F64697240656D61696C2E636F6D223B6C6F6761646F7C623A313B7265746F726E6F7C733A36373A223C64697620636C6173733D22616C65727420616C6572742D73756363657373223E45717569706520616C74657261646120636F6D207375636573736F213C2F6469763E223B5F5F63695F766172737C613A313A7B733A373A227265746F726E6F223B733A333A226F6C64223B7D),
	('hi7j334iqb3fb3di0j3ds8o6nnme4m1d', '127.0.0.1', 1558055759, _binary 0x5F5F63695F6C6173745F726567656E65726174657C693A313535383035353734353B69645573756172696F7C733A313A2231223B656D61696C7C733A31383A227061756C6F64697240656D61696C2E636F6D223B6C6F6761646F7C623A313B7265746F726E6F7C733A36373A223C64697620636C6173733D22616C65727420616C6572742D73756363657373223E45717569706520616C74657261646120636F6D207375636573736F213C2F6469763E223B5F5F63695F766172737C613A313A7B733A373A227265746F726E6F223B733A333A226F6C64223B7D),
	('q7ripd7fr83r34tsv0pcpg8aiqf7fpmi', '127.0.0.1', 1558132345, _binary 0x5F5F63695F6C6173745F726567656E65726174657C693A313535383133323334323B),
	('bpqrnhtpq4qvntug5rslss8hg50vom8m', '127.0.0.1', 1558197503, _binary 0x5F5F63695F6C6173745F726567656E65726174657C693A313535383139373530333B),
	('9no0l51fguq0qpsuv8nce5iv8hnvjola', '127.0.0.1', 1558198094, _binary 0x5F5F63695F6C6173745F726567656E65726174657C693A313535383139383039343B69645573756172696F7C733A313A2231223B656D61696C7C733A31383A227061756C6F64697240656D61696C2E636F6D223B6C6F6761646F7C623A313B),
	('5v9go3khr49sh99hmu9rnnnhrs821j9e', '127.0.0.1', 1558198782, _binary 0x5F5F63695F6C6173745F726567656E65726174657C693A313535383139383738323B69645573756172696F7C733A313A2231223B656D61696C7C733A31383A227061756C6F64697240656D61696C2E636F6D223B6C6F6761646F7C623A313B7265746F726E6F7C733A36373A223C64697620636C6173733D22616C65727420616C6572742D73756363657373223E45717569706520616C74657261646120636F6D207375636573736F213C2F6469763E223B5F5F63695F766172737C613A313A7B733A373A227265746F726E6F223B733A333A226F6C64223B7D),
	('7tffcko9eed43vncsco380gt6krdeplt', '127.0.0.1', 1558199098, _binary 0x5F5F63695F6C6173745F726567656E65726174657C693A313535383139393039383B69645573756172696F7C733A313A2231223B656D61696C7C733A31383A227061756C6F64697240656D61696C2E636F6D223B6C6F6761646F7C623A313B),
	('7mar0n4j3d18i4md9qdq4t6ga96vcot7', '127.0.0.1', 1558199435, _binary 0x5F5F63695F6C6173745F726567656E65726174657C693A313535383139393433353B69645573756172696F7C733A313A2231223B656D61696C7C733A31383A227061756C6F64697240656D61696C2E636F6D223B6C6F6761646F7C623A313B7265746F726E6F7C733A36383A223C64697620636C6173733D22616C65727420616C6572742D73756363657373223E457175697065206361646173747261646120636F6D207375636573736F3C2F6469763E223B5F5F63695F766172737C613A313A7B733A373A227265746F726E6F223B733A333A226F6C64223B7D),
	('6beama1rhod65nq386ea7ngm3p2s7886', '127.0.0.1', 1558199777, _binary 0x5F5F63695F6C6173745F726567656E65726174657C693A313535383139393737373B69645573756172696F7C733A313A2231223B656D61696C7C733A31383A227061756C6F64697240656D61696C2E636F6D223B6C6F6761646F7C623A313B7265746F726E6F7C733A36303A223C64697620636C6173733D22616C65727420616C6572742D64616E676572223E457175696265206EC3A36F20656E636F6E74726164613C2F6469763E223B5F5F63695F766172737C613A313A7B733A373A227265746F726E6F223B733A333A226F6C64223B7D),
	('14daug1fpbm5fakss5mtntrgh5v2kg6m', '127.0.0.1', 1558200966, _binary 0x5F5F63695F6C6173745F726567656E65726174657C693A313535383230303936363B69645573756172696F7C733A313A2231223B656D61696C7C733A31383A227061756C6F64697240656D61696C2E636F6D223B6C6F6761646F7C623A313B7265746F726E6F7C733A36373A223C64697620636C6173733D22616C65727420616C6572742D73756363657373223E4571756970652064656C657461646120636F6D207375636573736F213C2F6469763E223B5F5F63695F766172737C613A313A7B733A373A227265746F726E6F223B733A333A226F6C64223B7D),
	('2m2kjfa6o5r26hj5uvnsr8jhhqs595f2', '127.0.0.1', 1558201189, _binary 0x5F5F63695F6C6173745F726567656E65726174657C693A313535383230303936363B69645573756172696F7C733A313A2231223B656D61696C7C733A31383A227061756C6F64697240656D61696C2E636F6D223B6C6F6761646F7C623A313B7265746F726E6F7C733A36373A223C64697620636C6173733D22616C65727420616C6572742D73756363657373223E45717569706520616C74657261646120636F6D207375636573736F213C2F6469763E223B5F5F63695F766172737C613A313A7B733A373A227265746F726E6F223B733A333A226F6C64223B7D),
	('2jr8lvvhtt2hk1i5he88k228p98cg747', '127.0.0.1', 1558212631, _binary 0x5F5F63695F6C6173745F726567656E65726174657C693A313535383231323633313B69645573756172696F7C733A313A2231223B656D61696C7C733A31383A227061756C6F64697240656D61696C2E636F6D223B6C6F6761646F7C623A313B),
	('n1venrt7kg0bovtbf63044amtsod545t', '127.0.0.1', 1558212988, _binary 0x5F5F63695F6C6173745F726567656E65726174657C693A313535383231323938383B69645573756172696F7C733A313A2231223B656D61696C7C733A31383A227061756C6F64697240656D61696C2E636F6D223B6C6F6761646F7C623A313B),
	('br03svsefnrj1pv2belb4c410fldncia', '127.0.0.1', 1558213467, _binary 0x5F5F63695F6C6173745F726567656E65726174657C693A313535383231333436373B69645573756172696F7C733A313A2231223B656D61696C7C733A31383A227061756C6F64697240656D61696C2E636F6D223B6C6F6761646F7C623A313B),
	('nmm3gmo9d4ucbk5lui5l2383aj3hecgc', '127.0.0.1', 1558216389, _binary 0x5F5F63695F6C6173745F726567656E65726174657C693A313535383231363338393B69645573756172696F7C733A313A2231223B656D61696C7C733A31383A227061756C6F64697240656D61696C2E636F6D223B6C6F6761646F7C623A313B),
	('nc6j95npkjt2bn8eol5gsp07ao70oii9', '127.0.0.1', 1558214190, _binary 0x5F5F63695F6C6173745F726567656E65726174657C693A313535383231343139303B69645573756172696F7C733A313A2231223B656D61696C7C733A31383A227061756C6F64697240656D61696C2E636F6D223B6C6F6761646F7C623A313B),
	('1d3o7hb7rv82iq46erumqj65u42nn9sc', '127.0.0.1', 1558214541, _binary 0x5F5F63695F6C6173745F726567656E65726174657C693A313535383231343534313B69645573756172696F7C733A313A2231223B656D61696C7C733A31383A227061756C6F64697240656D61696C2E636F6D223B6C6F6761646F7C623A313B),
	('io963srf9hb7us83018as0jpmsgoq80v', '127.0.0.1', 1558214860, _binary 0x5F5F63695F6C6173745F726567656E65726174657C693A313535383231343836303B69645573756172696F7C733A313A2231223B656D61696C7C733A31383A227061756C6F64697240656D61696C2E636F6D223B6C6F6761646F7C623A313B),
	('22evq0vekb8nsbvqcg6ohefh3sieu3i1', '127.0.0.1', 1558215175, _binary 0x5F5F63695F6C6173745F726567656E65726174657C693A313535383231353137353B69645573756172696F7C733A313A2231223B656D61696C7C733A31383A227061756C6F64697240656D61696C2E636F6D223B6C6F6761646F7C623A313B),
	('g1cteuv8tu1htgok1etldl1tsj89hh4s', '127.0.0.1', 1558215704, _binary 0x5F5F63695F6C6173745F726567656E65726174657C693A313535383231353730343B69645573756172696F7C733A313A2231223B656D61696C7C733A31383A227061756C6F64697240656D61696C2E636F6D223B6C6F6761646F7C623A313B),
	('33qh8q9f1uja402g24j1p50g29ar0vto', '127.0.0.1', 1558216044, _binary 0x5F5F63695F6C6173745F726567656E65726174657C693A313535383231363034343B),
	('gcq6p7vap194t4sf5bdbo3g6iu91e16t', '127.0.0.1', 1558220369, _binary 0x5F5F63695F6C6173745F726567656E65726174657C693A313535383232303336393B69645573756172696F7C733A313A2231223B656D61696C7C733A31383A227061756C6F64697240656D61696C2E636F6D223B6C6F6761646F7C623A313B),
	('dufs1popkpqs04olhp9mtl4hva72nhoc', '127.0.0.1', 1558216418, _binary 0x5F5F63695F6C6173745F726567656E65726174657C693A313535383231363338393B69645573756172696F7C733A313A2231223B656D61696C7C733A31383A227061756C6F64697240656D61696C2E636F6D223B6C6F6761646F7C623A313B),
	('l4r6bo6f4tdb4o46rbl3lhprmbp8o9l1', '127.0.0.1', 1558220760, _binary 0x5F5F63695F6C6173745F726567656E65726174657C693A313535383232303736303B69645573756172696F7C733A313A2231223B656D61696C7C733A31383A227061756C6F64697240656D61696C2E636F6D223B6C6F6761646F7C623A313B),
	('i770hmjopm4pnlajqa1na983g7ltonfh', '127.0.0.1', 1558221318, _binary 0x5F5F63695F6C6173745F726567656E65726174657C693A313535383232313331383B),
	('draiaq9uud2s8rr8hmifih0ki88pvihf', '127.0.0.1', 1558221691, _binary 0x5F5F63695F6C6173745F726567656E65726174657C693A313535383232313639313B),
	('37ltotv8o5rpdnk1722rpioe6mfe7t9c', '127.0.0.1', 1558222026, _binary 0x5F5F63695F6C6173745F726567656E65726174657C693A313535383232323032363B),
	('3rss71qrroe3d5qips8io66tg6vmidcm', '127.0.0.1', 1558222865, _binary 0x5F5F63695F6C6173745F726567656E65726174657C693A313535383232323836353B),
	('15jrlsie5rsgsnqk9pudehrc84e9h93n', '127.0.0.1', 1558223187, _binary 0x5F5F63695F6C6173745F726567656E65726174657C693A313535383232333138373B69645573756172696F7C733A313A2231223B656D61696C7C733A31383A227061756C6F64697240656D61696C2E636F6D223B6C6F6761646F7C623A313B),
	('q8a9q04j3i2g4co40burkjmq115elo0l', '127.0.0.1', 1558223557, _binary 0x5F5F63695F6C6173745F726567656E65726174657C693A313535383232333535373B69645573756172696F7C733A313A2231223B656D61696C7C733A31383A227061756C6F64697240656D61696C2E636F6D223B6C6F6761646F7C623A313B),
	('0cmr9pnfnmgdkbs6umeu2ig0nlh9k65v', '127.0.0.1', 1558224123, _binary 0x5F5F63695F6C6173745F726567656E65726174657C693A313535383232343132333B69645573756172696F7C733A313A2231223B656D61696C7C733A31383A227061756C6F64697240656D61696C2E636F6D223B6C6F6761646F7C623A313B7265746F726E6F7C733A39343A223C64697620636C6173733D22616C65727420616C6572742D7761726E696E67223E4EC3A36F20C3A920706F73736976656C206571756970657320636F6D20696E74656772616E746573206361646173747261646F732E2E2E3C2F6469763E223B5F5F63695F766172737C613A313A7B733A373A227265746F726E6F223B733A333A226F6C64223B7D),
	('k8dkmerflh7k3ls1s5neunil8ndraed3', '127.0.0.1', 1558224675, _binary 0x5F5F63695F6C6173745F726567656E65726174657C693A313535383232343637353B69645573756172696F7C733A313A2231223B656D61696C7C733A31383A227061756C6F64697240656D61696C2E636F6D223B6C6F6761646F7C623A313B7265746F726E6F7C733A3231363A223C64697620636C6173733D22616C65727420616C6572742D7761726E696E67223E3C6920636C6173733D226661732066612D6578636C616D6174696F6E2D747269616E676C65223E3C2F693E204EC3A36F20C3A920706F73736976656C2064656C65746172206571756970657320636F6D20696E74656772616E746573206361646173747261646F732E204361736F20646573656A61722064656C65746172206573746120657175697065206578636C7561207072696D656972616D656E7465206F7320696E74656772616E7465732E2E2E3C2F6469763E223B5F5F63695F766172737C613A313A7B733A373A227265746F726E6F223B733A333A226F6C64223B7D),
	('20fu904eb4f4ih6hc27p25d5b5veh2kr', '127.0.0.1', 1558224995, _binary 0x5F5F63695F6C6173745F726567656E65726174657C693A313535383232343939353B69645573756172696F7C733A313A2231223B656D61696C7C733A31383A227061756C6F64697240656D61696C2E636F6D223B6C6F6761646F7C623A313B),
	('adussmlmvbpgaop5qbi93sebqm78v2l5', '127.0.0.1', 1558225326, _binary 0x5F5F63695F6C6173745F726567656E65726174657C693A313535383232353332363B69645573756172696F7C733A313A2231223B656D61696C7C733A31383A227061756C6F64697240656D61696C2E636F6D223B6C6F6761646F7C623A313B),
	('n0odklp60nhsicj4cga1ih1fe4u34t30', '127.0.0.1', 1558225666, _binary 0x5F5F63695F6C6173745F726567656E65726174657C693A313535383232353636363B69645573756172696F7C733A313A2231223B656D61696C7C733A31383A227061756C6F64697240656D61696C2E636F6D223B6C6F6761646F7C623A313B),
	('euo0d3qvq82vr317mh7kr5vjth2hi0fo', '127.0.0.1', 1558225977, _binary 0x5F5F63695F6C6173745F726567656E65726174657C693A313535383232353937373B69645573756172696F7C733A313A2231223B656D61696C7C733A31383A227061756C6F64697240656D61696C2E636F6D223B6C6F6761646F7C623A313B),
	('p3v5c3cq8vstjht4e8627qkdv1fdbqu6', '127.0.0.1', 1558226324, _binary 0x5F5F63695F6C6173745F726567656E65726174657C693A313535383232363332343B69645573756172696F7C733A313A2231223B656D61696C7C733A31383A227061756C6F64697240656D61696C2E636F6D223B6C6F6761646F7C623A313B),
	('qonmmoncpl1pt3n87hji06gj5sn22ngr', '127.0.0.1', 1558226630, _binary 0x5F5F63695F6C6173745F726567656E65726174657C693A313535383232363633303B69645573756172696F7C733A313A2231223B656D61696C7C733A31383A227061756C6F64697240656D61696C2E636F6D223B6C6F6761646F7C623A313B),
	('0f81dgjac7gulmr4ffmsht9hk53l8c74', '127.0.0.1', 1558226958, _binary 0x5F5F63695F6C6173745F726567656E65726174657C693A313535383232363935383B),
	('rtm5tooj7219k7ek8b5ts52s8s7l138d', '127.0.0.1', 1558227293, _binary 0x5F5F63695F6C6173745F726567656E65726174657C693A313535383232373239333B),
	('ddbkgfbm5skrou6of4rqnim5obf9r4tf', '127.0.0.1', 1558227764, _binary 0x5F5F63695F6C6173745F726567656E65726174657C693A313535383232373736343B),
	('qhdg438v7ngi31a2524sm6n9ca5911tv', '127.0.0.1', 1558227765, _binary 0x5F5F63695F6C6173745F726567656E65726174657C693A313535383232373736343B);
/*!40000 ALTER TABLE `ci_sessions` ENABLE KEYS */;

-- Copiando estrutura para tabela gincana.equipe
DROP TABLE IF EXISTS `equipe`;
CREATE TABLE IF NOT EXISTS `equipe` (
  `id` int(11) NOT NULL AUTO_INCREMENT,
  `nome` varchar(200) NOT NULL,
  `imagem` text,
  PRIMARY KEY (`id`)
) ENGINE=InnoDB AUTO_INCREMENT=22 DEFAULT CHARSET=utf8;

-- Copiando dados para a tabela gincana.equipe: ~5 rows (aproximadamente)
/*!40000 ALTER TABLE `equipe` DISABLE KEYS */;
INSERT INTO `equipe` (`id`, `nome`, `imagem`) VALUES
	(10, 'Marinheiros', '80687cda9f0b11cd6d730584d0fef40d.jpg'),
	(11, 'Todo Mundo Odeia o Chris', '7a85031ec7c0c9367815796a87ba29e0.jpg'),
	(13, 'Bicho do Mato', NULL),
	(17, 'Disney', 'c2f972497e02181050ddb80c45b7c0fa.jpg'),
	(21, 'God of War', '97bee631e72c8bceec1aa9bcbc95d14b.png');
/*!40000 ALTER TABLE `equipe` ENABLE KEYS */;

-- Copiando estrutura para tabela gincana.integrante
DROP TABLE IF EXISTS `integrante`;
CREATE TABLE IF NOT EXISTS `integrante` (
  `id` int(11) NOT NULL AUTO_INCREMENT,
  `id_equipe` int(11) NOT NULL,
  `nome` varchar(100) NOT NULL,
  `data_nasc` date DEFAULT NULL,
  `rg` varchar(15) DEFAULT NULL,
  `cpf` varchar(14) DEFAULT NULL,
  PRIMARY KEY (`id`),
  KEY `FK_integrante_equipe` (`id_equipe`),
  CONSTRAINT `FK_integrante_equipe` FOREIGN KEY (`id_equipe`) REFERENCES `equipe` (`id`)
) ENGINE=InnoDB AUTO_INCREMENT=21 DEFAULT CHARSET=utf8;

-- Copiando dados para a tabela gincana.integrante: ~5 rows (aproximadamente)
/*!40000 ALTER TABLE `integrante` DISABLE KEYS */;
INSERT INTO `integrante` (`id`, `id_equipe`, `nome`, `data_nasc`, `rg`, `cpf`) VALUES
	(1, 10, 'Popeye', '2012-12-12', '666666380', '563.547.586-48'),
	(2, 10, 'Jack Sparrow', '0000-00-00', '', ''),
	(18, 11, 'Julius', '0000-00-00', '', ''),
	(19, 11, 'Rochelle', '1995-06-13', '677656576575775', '121.847.868-36'),
	(20, 10, 'Pinto Loko', '0000-00-00', '', '');
/*!40000 ALTER TABLE `integrante` ENABLE KEYS */;

-- Copiando estrutura para tabela gincana.pontuacao
DROP TABLE IF EXISTS `pontuacao`;
CREATE TABLE IF NOT EXISTS `pontuacao` (
  `id` int(11) NOT NULL AUTO_INCREMENT,
  `id_equipe` int(11) NOT NULL,
  `id_prova` int(11) NOT NULL,
  `id_usuario` int(11) DEFAULT NULL,
  `pontos` float NOT NULL,
  `data_hora` datetime DEFAULT NULL,
  PRIMARY KEY (`id`),
  KEY `FK_pontuacao_equipe` (`id_equipe`),
  KEY `FK_pontuacao_prova` (`id_prova`),
  KEY `FK_pontuacao_usuario` (`id_usuario`),
  CONSTRAINT `FK_pontuacao_equipe` FOREIGN KEY (`id_equipe`) REFERENCES `equipe` (`id`),
  CONSTRAINT `FK_pontuacao_prova` FOREIGN KEY (`id_prova`) REFERENCES `prova` (`id`),
  CONSTRAINT `FK_pontuacao_usuario` FOREIGN KEY (`id_usuario`) REFERENCES `usuario` (`id`)
) ENGINE=InnoDB AUTO_INCREMENT=38 DEFAULT CHARSET=utf8;

-- Copiando dados para a tabela gincana.pontuacao: ~6 rows (aproximadamente)
/*!40000 ALTER TABLE `pontuacao` DISABLE KEYS */;
INSERT INTO `pontuacao` (`id`, `id_equipe`, `id_prova`, `id_usuario`, `pontos`, `data_hora`) VALUES
	(32, 10, 1, 2, 10, '0000-00-00 00:00:00'),
	(33, 11, 1, 2, 13, '0000-00-00 00:00:00'),
	(34, 10, 2, 2, 26, '2019-01-01 11:39:00'),
	(35, 11, 2, 1, 20, '0000-00-00 00:00:00'),
	(36, 17, 3, 1, 0, '0000-00-00 00:00:00'),
	(37, 21, 1, 1, 15, '0000-00-00 00:00:00');
/*!40000 ALTER TABLE `pontuacao` ENABLE KEYS */;

-- Copiando estrutura para tabela gincana.prova
DROP TABLE IF EXISTS `prova`;
CREATE TABLE IF NOT EXISTS `prova` (
  `id` int(11) NOT NULL AUTO_INCREMENT,
  `nome` varchar(60) NOT NULL,
  `tempo` int(3) NOT NULL DEFAULT '0',
  `descricao` text NOT NULL,
  `NIntegrantes` int(2) NOT NULL DEFAULT '0',
  PRIMARY KEY (`id`)
) ENGINE=InnoDB AUTO_INCREMENT=4 DEFAULT CHARSET=utf8;

-- Copiando dados para a tabela gincana.prova: ~2 rows (aproximadamente)
/*!40000 ALTER TABLE `prova` DISABLE KEYS */;
INSERT INTO `prova` (`id`, `nome`, `tempo`, `descricao`, `NIntegrantes`) VALUES
	(1, 'Corrida do saco', 16, 'Correr com os pés dentro de uma bolsa, quem chegar primeiro pontua para a equipe.', 17),
	(2, 'Torta na Cara ', 40, 'Dois competidores respondem as perguntas, o que errar tem a cara lambuzada por uma porta feita com clara de ovo salgada.', 20),
	(3, 'Caça Ao Tesouro', 30, 'Um objeto é escondido em algum lugar e os participantes da prova devem seguir as pistas para encontrar', 12);
/*!40000 ALTER TABLE `prova` ENABLE KEYS */;

-- Copiando estrutura para tabela gincana.usuario
DROP TABLE IF EXISTS `usuario`;
CREATE TABLE IF NOT EXISTS `usuario` (
  `id` int(11) NOT NULL AUTO_INCREMENT,
  `email` varchar(25) NOT NULL,
  `senha` varchar(50) NOT NULL,
  PRIMARY KEY (`id`)
) ENGINE=InnoDB AUTO_INCREMENT=3 DEFAULT CHARSET=utf8;

-- Copiando dados para a tabela gincana.usuario: ~0 rows (aproximadamente)
/*!40000 ALTER TABLE `usuario` DISABLE KEYS */;
INSERT INTO `usuario` (`id`, `email`, `senha`) VALUES
	(1, 'paulodir@email.com', 'aeae908eed5f404edc1a1187f098b81e3abb1e9a'),
	(2, 'locao@email.com', 'aeae908eed5f404edc1a1187f098b81e3abb1e9a');
/*!40000 ALTER TABLE `usuario` ENABLE KEYS */;

/*!40101 SET SQL_MODE=IFNULL(@OLD_SQL_MODE, '') */;
/*!40014 SET FOREIGN_KEY_CHECKS=IF(@OLD_FOREIGN_KEY_CHECKS IS NULL, 1, @OLD_FOREIGN_KEY_CHECKS) */;
/*!40101 SET CHARACTER_SET_CLIENT=@OLD_CHARACTER_SET_CLIENT */;
